{
    "author": "FAIR Universe",
    "total_rows": 1000,
    "total_columns": 31,
    "columns": [
        "PRI_lep_pt",
        "PRI_lep_eta",
        "PRI_lep_phi",
        "PRI_had_pt",
        "PRI_had_eta",
        "PRI_had_phi",
        "PRI_jet_leading_pt",
        "PRI_jet_leading_eta",
        "PRI_jet_leading_phi",
        "PRI_jet_subleading_pt",
        "PRI_jet_subleading_eta",
        "PRI_jet_subleading_phi",
        "PRI_n_jets",
        "PRI_jet_all_pt",
        "PRI_met",
        "PRI_met_phi",
        "weights",
        "detailed_labels",
        "labels",
        "DER_mass_transverse_met_lep",
        "DER_mass_vis",
        "DER_pt_h",
        "DER_deltaeta_jet_jet",
        "DER_mass_jet_jet",
        "DER_prodeta_jet_jet",
        "DER_deltar_had_lep",
        "DER_pt_tot",
        "DER_sum_pt",
        "DER_pt_ratio_lep_had",
        "DER_met_phi_centrality",
        "DER_lep_eta_centrality"
    ],
    "detailed_labels": [
        "ztautau",
        "diboson",
        "ttbar",
        "htautau"
    ],
    "sum_weights": 1051433.0,
    "luminosity": 10
}
